EMAP5,臺灣通用電子地圖(套疊等高線),contextualWMSLegend=0&crs=EPSG:3857&dpiMode=7&featureCount=10&format=image/jpeg&layers=EMAP5&styles=default&tileMatrixSet=GoogleMapsCompatible&url=http://maps.nlsc.gov.tw/S_Maps/wmts
CITY,縣市界,contextualWMSLegend=0&crs=EPSG:3857&dpiMode=7&featureCount=10&format=image/png&layers=CITY&styles=default&tileMatrixSet=GoogleMapsCompatible&url=http://maps.nlsc.gov.tw/S_Maps/wmts
LANDSECT,段籍圖,contextualWMSLegend=0&crs=EPSG:3857&dpiMode=7&featureCount=10&format=image/png&layers=LANDSECT&styles=default&tileMatrixSet=GoogleMapsCompatible&url=http://maps.nlsc.gov.tw/S_Maps/wmts
TOWN,鄉鎮區界,contextualWMSLegend=0&crs=EPSG:3857&dpiMode=7&featureCount=10&format=image/png&layers=TOWN&styles=default&tileMatrixSet=GoogleMapsCompatible&url=http://maps.nlsc.gov.tw/S_Maps/wmts
PHOTO2,正射影像圖(通用),contextualWMSLegend=0&crs=EPSG:3857&dpiMode=7&featureCount=10&format=image/jpeg&layers=PHOTO2&styles=default&tileMatrixSet=GoogleMapsCompatible&url=http://maps.nlsc.gov.tw/S_Maps/wmts
GHybrid,GoogleMap Hybrid,contextualWMSLegend=0&crs=EPSG:3857&dpiMode=7&featureCount=10&format=image/jpeg&layers=GHybrid&styles=default&tileMatrixSet=GoogleMapsCompatible&url=http://localhost/google/wmts
GMap,GoogleMap,contextualWMSLegend=0&crs=EPSG:3857&dpiMode=7&featureCount=10&format=image/png&layers=GMap&styles=default&tileMatrixSet=GoogleMapsCompatible&url=http://localhost/google/wmts
