<?xml version="1.0" encoding="utf-8" standalone="no"?><wfs:FeatureCollection xmlns:wfs="http://www.opengis.net/wfs" xmlns:citygmlapp="http://www.opengis.net/citygml/appearance/1.0" xmlns:citygmlbldg="http://www.opengis.net/citygml/building/1.0" xmlns:citygmlcore="http://www.opengis.net/citygml/1.0" xmlns:gml="http://www.opengis.net/gml" xmlns:ogc="http://www.opengis.net/ogc" xmlns:xsi="http://www.w3.org/2001/XMLSchema-instance" xsi:schemaLocation="http://www.opengis.net/wfs http://schemas.opengis.net/wfs/1.0.0/WFS-basic.xsd"><gml:boundedBy><gml:Envelope srsName="EPSG:4326"><gml:lowerCorner>121.74364142408778 25.1310649482646</gml:lowerCorner><gml:upperCorner>121.74474761939221 25.132104178778192</gml:upperCorner></gml:Envelope></gml:boundedBy><gml:featureMember><wfs:CD000100010000 fid="CD000100010000"><wfs:geometryProperty><gml:MultiPolygon srsName="EPSG:4326"><gml:polygonMember><gml:Polygon><gml:outerBoundaryIs><gml:LinearRing><gml:coordinates>121.7442638319374,25.1310649482646 121.7443246381708,25.13107687125244 121.74436769650114,25.13114087827278 121.74474761939221,25.131716806685958 121.74473574541413,25.131761869199718 121.74411224614194,25.132104178778192 121.74406611205242,25.132086443488603 121.74364142408778,25.13145170876722 121.74365509801044,25.131398236043744 121.7442638319374,25.1310649482646</gml:coordinates></gml:LinearRing></gml:outerBoundaryIs></gml:Polygon></gml:polygonMember></gml:MultiPolygon></wfs:geometryProperty></wfs:CD000100010000></gml:featureMember></wfs:FeatureCollection>
