<?xml version="1.0" encoding="utf-8" standalone="no"?><wfs:FeatureCollection xmlns:wfs="http://www.opengis.net/wfs" xmlns:citygmlapp="http://www.opengis.net/citygml/appearance/1.0" xmlns:citygmlbldg="http://www.opengis.net/citygml/building/1.0" xmlns:citygmlcore="http://www.opengis.net/citygml/1.0" xmlns:gml="http://www.opengis.net/gml" xmlns:ogc="http://www.opengis.net/ogc" xmlns:xsi="http://www.w3.org/2001/XMLSchema-instance" xsi:schemaLocation="http://www.opengis.net/wfs http://schemas.opengis.net/wfs/1.0.0/WFS-basic.xsd"><gml:boundedBy><gml:Envelope srsName="EPSG:4326"><gml:lowerCorner>121.74501949591914 25.131580522456016</gml:lowerCorner><gml:upperCorner>121.74557859703617 25.132129916612946</gml:upperCorner></gml:Envelope></gml:boundedBy><gml:featureMember><wfs:CD000200010000 fid="CD000200010000"><wfs:geometryProperty><gml:MultiPolygon srsName="EPSG:4326"><gml:polygonMember><gml:Polygon><gml:outerBoundaryIs><gml:LinearRing><gml:coordinates>121.74534277723326,25.131580522456016 121.7453661818124,25.131615103098603 121.74546042007445,25.13175277270247 121.7455548988496,25.1318911465277 121.74557859703617,25.13192408469888 121.74557528381689,25.131947121558525 121.7455343439426,25.13197003726996 121.7452475469644,25.132129916612946 121.74501949591914,25.131785261932507 121.74502738990806,25.13175585569401 121.74534277723326,25.131580522456016</gml:coordinates></gml:LinearRing></gml:outerBoundaryIs></gml:Polygon></gml:polygonMember></gml:MultiPolygon></wfs:geometryProperty></wfs:CD000200010000></gml:featureMember></wfs:FeatureCollection>
